{"schemaVersion":"1.0","appDefinitionTemplate":{"id":"/providers/Microsoft.PowerApps/apps/","type":"Microsoft.PowerApps/apps","tags":{"primaryDeviceWidth":"1366","primaryDeviceHeight":"768","supportsPortrait":"true","supportsLandscape":"true","primaryFormFactor":"Tablet","publisherVersion":"3.22074.11","minimumRequiredApiVersion":"2.2.0","hasComponent":"false","hasUnlockedComponent":"false","isUnifiedRootApp":"false","sienaVersion":"20220814T204610Z-3.22074.11.0"},"properties":{"appVersion":"2022-08-14T20:46:10Z","lifeCycleId":"Published","createdByClientVersion":{"major":3,"minor":22074,"build":11,"revision":0,"majorRevision":0,"minorRevision":0},"minClientVersion":{"major":3,"minor":22074,"build":11,"revision":0,"majorRevision":0,"minorRevision":0},"backgroundColor":"RGBA(0,176,240,1)","backgroundImageUri":"/12248862269126700689/N177f9911-1cfd-43df-a225-af160ce7cb9a-logoSmallFile","displayName":"ParseJSON","description":"","commitMessage":"","appUris":{"documentUri":{"value":"/12248862269126700689/N203e1064-ebf5-4048-a1ae-4f37d4145750-document.msapp"},"imageUris":[],"additionalUris":[]},"createdTime":"0001-01-01T00:00:00Z","lastModifiedTime":"0001-01-01T00:00:00Z","sharedGroupsCount":0,"sharedUsersCount":0,"icons":{"smallIconUri":"/12248862269126700689/N40a0ad8e-4015-4c72-ac1c-11dee7f1f9ba-small.png","mediumIconUri":"/12248862269126700689/N6bef0345-ff37-4426-ac5c-659d223c29dc-medium.png","largeIconUri":"/12248862269126700689/N25c4580e-3642-47f7-8c46-f8f1c5c2b665-large.png","wideIconUri":"/12248862269126700689/N86bd1f23-d4fb-4e4f-b4c4-51fed999d0b3-wide.png"},"connectionReferences":{"22423299-f114-418e-a579-7eee332b08f6":{"id":"00fa14a1-6be3-4945-afd4-5bfb18923da4","displayName":"Office 365 Users","iconUri":"https://connectoricons-prod.azureedge.net/releases/v1.0.1587/1.0.1587.2924/office365users/icon.png","dataSources":["Office365Users"],"dependencies":[],"dependents":[],"parameterHints":{},"parameterHintsV2":{},"isOnPremiseConnection":false,"dataSets":{},"apiTier":"Standard","isCustomApiConnection":false,"actions":["MyProfile_V2"]},"54f330ba-d207-499c-a9e6-0c8edb143dcc":{"id":"d3d46d65-6536-490b-8a60-b0961d804ec7","displayName":"Logic flows","iconUri":"https://connectoricons-prod.azureedge.net/releases/v1.0.1534/1.0.1534.2605/logicflows/icon.png","dataSources":["PowerAppsJSONParser"],"dependencies":[],"dependents":[],"parameterHints":{"workflowName":{"value":"db3a6bd0-96c6-418d-ad68-57c33a7a147f"},"workflowEntityId":{}},"parameterHintsV2":{"workflowName":{"value":"db3a6bd0-96c6-418d-ad68-57c33a7a147f"},"workflowEntityId":{}},"isOnPremiseConnection":false,"dataSets":{},"apiTier":"Standard","isCustomApiConnection":false,"actions":["Run"],"nestedActions":[]}},"databaseReferences":{},"almMode":"Environment","performanceOptimizationEnabled":true,"canConsumeAppPass":true,"executionRestrictions":{"isTeamsOnly":false,"dataLossPreventionEvaluationResult":{"status":"Compliant","lastEvaluationDate":"2022-08-14T20:46:27.9808131Z","violations":[],"violationsByPolicy":[],"violationErrorMessage":"The app uses the following connectors: shared_office365users, shared_logicflows."},"httpActionRestriction":{"appUsesSharepointHttpAction":false,"enforcementStrategy":"Legacy","evaluationTime":"2022-08-14T20:46:27.9807352Z"}}},"appType":"ClassicCanvasApp","appComponents":[]}}