{"name":"715d26a6-1494-4b22-8551-ddfb26c0a7a7","id":"/providers/Microsoft.Flow/flows/715d26a6-1494-4b22-8551-ddfb26c0a7a7","type":"Microsoft.Flow/flows","properties":{"apiId":"/providers/Microsoft.PowerApps/apis/shared_logicflows","displayName":"PowerAppsJSONParser","definition":{"metadata":{"workflowEntityId":null,"processAdvisorMetadata":null,"flowclientsuspensionreason":"None","flowclientsuspensiontime":null,"flowclientsuspensionreasondetails":null,"creator":{"id":"a1c566a8-aca0-40e6-8d9d-c97e9d8dacb2","type":"User","tenantId":"0f63e033-20d7-475a-b83b-c2ad456ea8e2"},"provisioningMethod":"FromDefinition","failureAlertSubscription":true,"clientLastModifiedTime":"2022-08-14T20:28:27.212212Z"},"$schema":"https://schema.management.azure.com/providers/Microsoft.Logic/schemas/2016-06-01/workflowdefinition.json#","contentVersion":"1.0.0.0","parameters":{"$authentication":{"defaultValue":{},"type":"SecureObject"}},"triggers":{"manual":{"metadata":{"operationMetadataId":"61354a1f-bf5d-440c-a9da-961058fed3cd"},"type":"Request","kind":"PowerAppV2","inputs":{"schema":{"type":"object","properties":{"text":{"title":"Input","type":"string","x-ms-dynamically-added":true,"description":"Enter the JSON String to Parse","x-ms-content-hint":"TEXT"}},"required":["text"]}}}},"actions":{"ParseInputJSONstring":{"runAfter":{},"metadata":{"operationMetadataId":"e70cfd9b-fea7-470a-a554-6c2cd30fb658"},"type":"ParseJson","inputs":{"content":"@if(startsWith(triggerBody()['text'],'{'),concat('[',triggerBody()['text'],']'),triggerBody()['text'])","schema":{}}},"HTMLtableFromParsedJSON":{"runAfter":{"ParseInputJSONstring":["Succeeded"]},"metadata":{"operationMetadataId":"24bf1632-6c70-4062-9f3f-54c59cfad7b3"},"type":"Table","inputs":{"from":"@body('ParseInputJSONstring')","format":"HTML"}},"ResponseToPowerApp":{"runAfter":{"HTMLtableFromParsedJSON":["Succeeded"]},"metadata":{"operationMetadataId":"ede28a9d-0122-4870-8357-881974ceb1db"},"type":"Response","kind":"PowerApp","inputs":{"statusCode":200,"body":{"rtnhtmltable":"@body('HTMLtableFromParsedJSON')"},"schema":{"type":"object","properties":{"rtnhtmltable":{"title":"rtnHTMLtable","x-ms-dynamically-added":true,"type":"string"}}}}}}},"connectionReferences":{},"flowFailureAlertSubscribed":false,"isManaged":false}}